{
  "-1002389729079_6187168829": {
    "count": 0,
    "pending": []
  },
  "-1002389729079_8084376946": {
    "count": 0,
    "pending": true
  },
  "-1002389729079_5682418520": {
    "count": 0,
    "pending": false
  },
  "-1002389729079_149696408": {
    "count": 0,
    "pending": []
  },
  "-1002389729079_7339895564": {
    "count": 0,
    "pending": false
  },
  "-1002389729079_6199411688": {
    "count": 0,
    "pending": [
      2773,
      2751,
      2710,
      2613,
      2612,
      2608,
      2604,
      2603,
      2602
    ]
  },
  "-1002389729079_5680126638": {
    "count": 0,
    "pending": [
      2602,
      2603,
      2604,
      2608,
      2612
    ]
  },
  "-1002389729079_8139151873": {
    "count": 0,
    "pending": false
  },
  "-1002389729079_487363637": {
    "count": 1,
    "pending": true
  },
  "-1002389729079_7633971478": {
    "count": 0,
    "pending": false
  },
  "-1002389729079_7745094904": {
    "count": 0,
    "pending": false
  },
  "-1002389729079_7551412082": {
    "count": 0,
    "pending": false
  },
  "-1002389729079_6475675302": {
    "count": 0,
    "pending": false
  }
}