{
  "-1002389729079_5680126638": {
    "user_id": 5680126638,
    "chat_id": -1002389729079,
    "username": "kiyanaartist",
    "last_activity": "2025-07-18T20:12:04.885490",
    "warned": false
  },
  "-1002389729079_7016887905": {
    "user_id": 7016887905,
    "chat_id": -1002389729079,
    "username": "Mohdianat",
    "last_activity": "2025-07-18T13:40:17.518353",
    "warned": false
  },
  "-1002389729079_1087968824": {
    "user_id": 1087968824,
    "chat_id": -1002389729079,
    "username": "GroupAnonymousBot",
    "last_activity": "2025-07-16T22:05:23.700229",
    "warned": false
  },
  "-1002389729079_5682418520": {
    "user_id": 5682418520,
    "chat_id": -1002389729079,
    "username": "Blogzahraa",
    "last_activity": "2025-07-18T23:07:47.482770",
    "warned": false
  },
  "-1002389729079_8139151873": {
    "user_id": 8139151873,
    "chat_id": -1002389729079,
    "username": "Bita_nini",
    "last_activity": "2025-07-18T22:01:36.846959",
    "warned": false
  },
  "-1002389729079_7551412082": {
    "user_id": 7551412082,
    "chat_id": -1002389729079,
    "username": "Samira_najiii",
    "last_activity": "2025-07-18T22:33:41.223772",
    "warned": false
  },
  "-1002389729079_149696408": {
    "user_id": 149696408,
    "chat_id": -1002389729079,
    "username": "rabinrezaei",
    "last_activity": "2025-07-18T16:48:39.786496",
    "warned": false
  },
  "-1002389729079_6187168829": {
    "user_id": 6187168829,
    "chat_id": -1002389729079,
    "username": "beauty_aysaaa",
    "last_activity": "2025-07-18T17:43:23.650100",
    "warned": false
  },
  "-1002609908938_1399757184": {
    "user_id": 1399757184,
    "chat_id": -1002609908938,
    "username": "webtonet",
    "last_activity": "2025-07-18T22:40:26.715909",
    "warned": false
  },
  "-1002389729079_6199411688": {
    "user_id": 6199411688,
    "chat_id": -1002389729079,
    "username": "najla_n",
    "last_activity": "2025-07-18T20:12:18.189970",
    "warned": false
  },
  "-1002389729079_7339895564": {
    "user_id": 7339895564,
    "chat_id": -1002389729079,
    "username": "sefaresh_gb",
    "last_activity": "2025-07-19T06:35:10.359676",
    "warned": false
  },
  "-1002389729079_7633971478": {
    "user_id": 7633971478,
    "chat_id": -1002389729079,
    "username": null,
    "last_activity": "2025-07-18T21:34:21.230299",
    "warned": false
  },
  "-1002389729079_7745094904": {
    "user_id": 7745094904,
    "chat_id": -1002389729079,
    "username": "admiin_rangdokht",
    "last_activity": "2025-07-18T22:25:12.329368",
    "warned": false
  },
  "-1002389729079_487363637": {
    "user_id": 487363637,
    "chat_id": -1002389729079,
    "username": "zahra646890",
    "last_activity": "2025-07-19T05:04:08.976610",
    "warned": false
  },
  "-1002389729079_6475675302": {
    "user_id": 6475675302,
    "chat_id": -1002389729079,
    "username": "Aromashopir",
    "last_activity": "2025-07-19T06:31:21.611447",
    "warned": false
  }
}